id,author_id,key_term,text,possibly_sensitive,lang,created_at,retweet_count,reply_count,like_count,quote_count,bookmark_count,impression_count,conversation_id
1696918408015585758,1692233493017714688,1696910426548621479,"@ibahzad @M___R1212 @AlAmeenService @DigitalDubai السلام عليكم 
اغاثوني انا والله طلب المساعدة ضروري ارجوك اتوسل اليك علشان خاطر ربنا اللي بيحب سمو الشيخ محمد بن زايد ال نهيان يقف جنبي ظروفي صعبة جدا 00201091762644",False,ar,2023-08-30T16:10:50.000Z,0,0,0,0,0,6,1696910426548621479
1696913269259116594,3700192701,1696910426548621479,@ibahzad @AlAmeenService @DigitalDubai الله يجيرنا من الأعظم,False,ar,2023-08-30T15:50:25.000Z,0,0,1,0,0,54,1696910426548621479
1696911322724626644,3386035469,1696910426548621479,@ibahzad @AlAmeenService @DigitalDubai ربنا يستر ولكن لابد من حلول لذلك,False,ar,2023-08-30T15:42:41.000Z,0,0,1,0,0,49,1696910426548621479
1697203079102222381,79970951,1697203026480464104,"The ""04"" platform connects you directly to the dedicated government entity in #Dubai. Share your feedback through WhatsApp Business at 600 500 055 💬

@TECofDubai
@DTMCentre

#DigitalDubai https://t.co/kjmlHvy0Sn",False,en,2023-08-31T11:02:01.000Z,1,0,2,0,0,479,1697203026480464104
1697978812309372936,1112560015079030784,1696909628536131934,@DigitalDubai @AlAmeenService @DIALA_ALI ❤️ FROM 🇦🇪,False,en,2023-09-02T14:24:30.000Z,0,0,0,0,0,19,1696909628536131934
1697315216919327135,2972486928,1696909628536131934,@DigitalDubai @AlAmeenService @DIALA_ALI حبيت فكرة الاعلان #خلك_واعي,False,ar,2023-08-31T18:27:36.000Z,0,0,1,0,0,473,1696909628536131934
1696997843628650573,988177937844330497,1696909628536131934,@DigitalDubai @AlAmeenService @DIALA_ALI https://t.co/Hifa1V9yRf,False,qme,2023-08-30T21:26:29.000Z,0,0,0,0,0,55,1696909628536131934
1696935704482152724,263817869,1696909628536131934,@DigitalDubai @AlAmeenService @DIALA_ALI الموضوع صار يخوف الواحد. صار مايثق بأحد لابصوت ولا صورة ولافيديو حتى لو بث مباشر,False,ar,2023-08-30T17:19:34.000Z,0,0,0,0,0,108,1696909628536131934
1696911594846908603,1680830153704742913,1696909628536131934,"@DigitalDubai @dbelhoul @AlAmeenService @DIALA_ALI إسقاط 
اسقاط المركبات القديمة وتالفة

سكليف🏥 #اجازة مرضية 

(اعذار طبية) 
موثقة في صحتي ومختومة",False,ar,2023-08-30T15:43:45.000Z,0,0,0,0,0,39,1696909628536131934
1697129556774146136,1690677527092641792,1697129407658242133,"@AlBayanNews @DigitalDubai جديد⚡️وحصرياً⚡

⏪افضل انواع المقويات الطبيعية للعلاقة الزوجية،
♀️♂️ 
وبكافة الأنواع »✔️

√ ڪريمّات

√ حبـوب آمـنة🤞

√ بـَـخـاخ

√ اجـهـزَة للتـّکـبير✨️

√ علڪـة،،وقـطـرات للنساء

🛒»والعديد من المنتجات المميزه والآمنه«🛒

💬تجدوها في حسابـي،،،راسلنـــي📞💬",False,ar,2023-08-31T06:09:52.000Z,0,0,0,0,0,1,1697129407658242133
1697129546779148341,777008529999794177,1697129407658242133,"@AlBayanNews @DigitalDubai 😍جديد 😍
اقوى وافضل أنواع المقويات للعلاقة الزوجية 
♀️♂️
وبكافة الأنواع 👇

➖كريمات تكبير 

✔️حبوب آمنة 🤞

✨بخاخ 

اجهزة للتكبير 🌀

علكة ° وقطرات 

🛒والمزيد من المنتجات المرغوب بها 🛒 

💬تواصل معي وستجد ما يسرك 💬

🔛قم بزيارة حسابي 📲",False,ar,2023-08-31T06:09:49.000Z,0,0,0,0,0,7,1697129407658242133
1697129435927806450,1694677109766053888,1697129407658242133,@AlBayanNews @DigitalDubai لا تدع هذه الفرصة الرائعة تفوتك احصل على ورق امريكي الجودة بخصم 50٪  التواصل عبر الواتس اب 00380999819067,False,ar,2023-08-31T06:09:23.000Z,0,0,0,0,0,0,1697129407658242133
1697129470375682233,778267914231246849,1697129315299733820,"@alkhaleej @DigitalDubai 😍جديد 😍
اقوى وافضل أنواع المقويات للعلاقة الزوجية 
♀️♂️
وبكافة الأنواع 👇

➖كريمات تكبير 

✔️حبوب آمنة 🤞

✨بخاخ 

اجهزة للتكبير 🌀

علكة ° وقطرات 

🛒والمزيد من المنتجات المرغوب بها 🛒 

💬تواصل معي وستجد ما يسرك 💬

🔛قم بزيارة حسابي 📲",False,ar,2023-08-31T06:09:31.000Z,0,0,0,0,0,6,1697129315299733820
1697129193992016368,778156644727418882,1697128981256929348,"@DXBMediaOffice @DigitalDubai 😍جديد 😍
اقوى وافضل أنواع المقويات للعلاقة الزوجية 
♀️♂️
وبكافة الأنواع 👇

➖كريمات تكبير 

✔️حبوب آمنة 🤞

✨بخاخ 

اجهزة للتكبير 🌀

علكة ° وقطرات 

🛒والمزيد من المنتجات المرغوب بها 🛒 

💬تواصل معي وستجد ما يسرك 💬

🔛قم بزيارة حسابي 📲",False,ar,2023-08-31T06:08:25.000Z,0,0,0,0,0,13,1697128981256929348
1697142134149714263,2233778060,1697142116294467602,"@UAE_Network 😍جديد 😍
اقوى وافضل أنواع المقويات للعلاقة الزوجية 
♀️♂️
وبكافة الأنواع 👇

➖كريمات تكبير 

✔️حبوب آمنة 🤞

✨بخاخ 

اجهزة للتكبير 🌀

علكة ° وقطرات 

🛒والمزيد من المنتجات المرغوب بها 🛒 

💬تواصل معي وستجد ما يسرك 💬

🔛قم بزيارة حسابي 📲",False,ar,2023-08-31T06:59:50.000Z,0,0,0,0,0,0,1697142116294467602
1697120529629532637,778104458794397696,1697120414827159906,"@UAE_Network 😍جديد 😍
اقوى وافضل أنواع المقويات للعلاقة الزوجية 
♀️♂️
وبكافة الأنواع 👇

➖كريمات تكبير 

✔️حبوب آمنة 🤞

✨بخاخ 

اجهزة للتكبير 🌀

علكة ° وقطرات 

🛒والمزيد من المنتجات المرغوب بها 🛒 

💬تواصل معي وستجد ما يسرك 💬

🔛قم بزيارة حسابي 📲",False,ar,2023-08-31T05:33:59.000Z,0,0,0,0,0,0,1697120414827159906
1697181243412979894,1600301426382700546,1696934078522564632,@algentleuae الله يحفظ الامارات وشعبها وديم عليهم الأمن والأمان ويحميها من الخونه أمثال الشاعره المصريه فوزية شاهين التى تنتمى لصالح جماعه الاخوان المسلمين وتقوم  بجمع معلومات أمنية تخص الدوله وهى مرصوده لدى الجهات المختصة هى وباقى الخليه التى أيضا يشغلون مناصب فى النيابه والقضاء والتعليم,False,ar,2023-08-31T09:35:15.000Z,0,0,1,0,0,4,1696934078522564632
1697132465704337879,887998289030905856,1696927953655939301,@3liAlra @roselloll مسلسل ونبيس ⏳,False,ar,2023-08-31T06:21:25.000Z,0,0,0,0,0,182,1696927953655939301
1696942856114450914,241950073,1696927953655939301,@3liAlra صدق كان عبالي انها ديالا 😅😅😅😅,False,ar,2023-08-30T17:47:59.000Z,0,0,0,0,0,83,1696927953655939301
1696932850870681654,925331739018448896,1696927953655939301,@3liAlra عشان قررت اقلل وقتي على التواصل الاجتماعي و اركز على عمري,False,ar,2023-08-30T17:08:13.000Z,0,0,0,0,0,101,1696927953655939301
1696945548169805927,1687111750314049536,1696918450260623480,"@emaratalyoum ❗ لِأول مرة..❗قناة فضائية عالمية تُحطم القيود و تتحدى الخطوط الحمراء في الوطن العربي؛ نعمل على إيصال أصواتكم لكل أرجاء العالم🌍 #قناة_ظهر_المهدي  :

https://t.co/a8dddhrKwP

https://t.co/Pxdieu6ZAB

تواصل البث المباشر ساعة 9 ليلاً بتوقيت مكة:
+447549834341 /تليجرام/واتساب",False,ar,2023-08-30T17:58:41.000Z,0,0,0,0,0,4,1696918450260623480
1696923883360731552,624040542,1696918450260623480,@emaratalyoum 👏🏼👏🏼👏🏼,False,qme,2023-08-30T16:32:35.000Z,0,0,0,0,0,114,1696918450260623480
1696918533530173928,1593633500791439360,1696918450260623480,"@emaratalyoum *☟الزكاة والدخل☟
*شركات مؤسسات*

*والدفع بعد الانجاز*
*تصفير الضريبه تصفير نهائي➥*
*أزالـة الفحص عن الضريبه➥*
*أزالـة الغرامـات؛؛؛؛☟*
*غرامات تاخير السداد➥*
*غرامة الضبط الميداني➥*
*شطب الرقم الضريبي➥*
*ازاله حمايه اجور*
*الغاء غرامات مكتب العمل*
للتواصل0591651213",False,ar,2023-08-30T16:11:20.000Z,0,0,0,0,0,5,1696918450260623480
1696918473832644950,1694691050265141248,1696918450260623480,@emaratalyoum اجعل أموالك تذهب أبعد من ذلك احصل على ورق امريكي  بنصف التكلفة التواصل عبر الواتس اب 00380999819067.,False,ar,2023-08-30T16:11:06.000Z,0,0,0,0,0,5,1696918450260623480
